{"cameraMode":{"drawMode":0,"name":"Shaded","section":"Shading Mode"},"sceneLighting":false,"audioPlay":false,"sceneViewState":{"showFog":true,"showMaterialUpdate":false,"showSkybox":false,"showFlares":true,"showImageEffects":true,"showParticleSystems":true},"in2DMode":false,"pivot":{"x":-8.480794906616211,"y":17.040987014770509,"z":25.260751724243165},"rotation":{"x":-0.3362830877304077,"y":-0.6309424638748169,"z":0.35065340995788576,"w":-0.6049269437789917},"size":1.1775383949279786,"orthographic":false}