{"cameraMode":{"drawMode":0,"name":"Shaded","section":"Shading Mode"},"sceneLighting":false,"audioPlay":false,"sceneViewState":{"showFog":true,"showMaterialUpdate":false,"showSkybox":false,"showFlares":true,"showImageEffects":true,"showParticleSystems":true},"in2DMode":false,"pivot":{"x":6.005209445953369,"y":-8.955313682556153,"z":24.28251075744629},"rotation":{"x":0.36192503571510317,"y":0.6022437214851379,"z":-0.35272422432899477,"w":0.6179999709129334},"size":11.982853889465332,"orthographic":false}