{"cameraMode":{"drawMode":0,"name":"Shaded","section":"Shading Mode"},"sceneLighting":false,"audioPlay":false,"sceneViewState":{"showFog":true,"showMaterialUpdate":false,"showSkybox":false,"showFlares":true,"showImageEffects":true,"showParticleSystems":true},"in2DMode":false,"pivot":{"x":3.3229336738586427,"y":-3.9094128608703615,"z":31.68648910522461},"rotation":{"x":0.37385427951812746,"y":0.5829080939292908,"z":-0.34349748492240908,"w":0.6344276070594788},"size":16.180150985717775,"orthographic":false}