{"cameraMode":{"drawMode":0,"name":"Shaded","section":"Shading Mode"},"sceneLighting":false,"audioPlay":false,"sceneViewState":{"showFog":true,"showMaterialUpdate":false,"showSkybox":false,"showFlares":true,"showImageEffects":true,"showParticleSystems":true},"in2DMode":false,"pivot":{"x":13.963159561157227,"y":-8.901019096374512,"z":31.07312774658203},"rotation":{"x":0.20400036871433259,"y":0.7031527757644653,"z":-0.22283436357975007,"w":0.6437076330184937},"size":9.232830047607422,"orthographic":false}