{"cameraMode":{"drawMode":0,"name":"Shaded","section":"Shading Mode"},"sceneLighting":false,"audioPlay":false,"sceneViewState":{"showFog":true,"showMaterialUpdate":false,"showSkybox":false,"showFlares":true,"showImageEffects":true,"showParticleSystems":true},"in2DMode":false,"pivot":{"x":1.6172343492507935,"y":1.5123026371002198,"z":25.168132781982423},"rotation":{"x":0.3531033396720886,"y":0.6267624497413635,"z":-0.38110870122909548,"w":0.5807479619979858},"size":9.964064598083496,"orthographic":false}