{"cameraMode":{"drawMode":0,"name":"Shaded","section":"Shading Mode"},"sceneLighting":false,"audioPlay":false,"sceneViewState":{"showFog":true,"showMaterialUpdate":false,"showSkybox":false,"showFlares":true,"showImageEffects":true,"showParticleSystems":true},"in2DMode":false,"pivot":{"x":-2.4559013843536379,"y":-0.23970124125480653,"z":25.7102108001709},"rotation":{"x":0.30198898911476138,"y":0.6609846949577332,"z":-0.3318701386451721,"w":0.601483941078186},"size":12.397379875183106,"orthographic":false}