{"cameraMode":{"drawMode":0,"name":"Shaded","section":"Shading Mode"},"sceneLighting":false,"audioPlay":false,"sceneViewState":{"showFog":true,"showMaterialUpdate":false,"showSkybox":false,"showFlares":true,"showImageEffects":true,"showParticleSystems":true},"in2DMode":false,"pivot":{"x":2.6607251167297365,"y":1.3272472620010377,"z":25.963760375976564},"rotation":{"x":0.13741257786750794,"y":0.7886384129524231,"z":-0.1907496601343155,"w":0.5681543946266174},"size":9.104841232299805,"orthographic":false}