{"cameraMode":{"drawMode":0,"name":"Shaded","section":"Shading Mode"},"sceneLighting":false,"audioPlay":false,"sceneViewState":{"showFog":true,"showMaterialUpdate":false,"showSkybox":false,"showFlares":true,"showImageEffects":true,"showParticleSystems":true},"in2DMode":false,"pivot":{"x":3.2705166339874269,"y":-16.525344848632814,"z":20.005294799804689},"rotation":{"x":0.4542055130004883,"y":0.5452663898468018,"z":-0.4814353287220001,"w":0.5144211649894714},"size":13.861187934875489,"orthographic":false}