{"cameraMode":{"drawMode":0,"name":"Shaded","section":"Shading Mode"},"sceneLighting":false,"audioPlay":false,"sceneViewState":{"showFog":true,"showMaterialUpdate":false,"showSkybox":false,"showFlares":true,"showImageEffects":true,"showParticleSystems":true},"in2DMode":false,"pivot":{"x":-0.21780233085155488,"y":-4.598103046417236,"z":27.03534698486328},"rotation":{"x":0.42804381251335146,"y":0.5712489485740662,"z":-0.476131796836853,"w":0.5136114358901978},"size":10.629911422729493,"orthographic":false}