{"cameraMode":{"drawMode":0,"name":"Shaded","section":"Shading Mode"},"sceneLighting":false,"audioPlay":false,"sceneViewState":{"showFog":true,"showMaterialUpdate":false,"showSkybox":false,"showFlares":true,"showImageEffects":true,"showParticleSystems":true},"in2DMode":false,"pivot":{"x":-8.462185859680176,"y":17.90445327758789,"z":30.580549240112306},"rotation":{"x":0.38178882002830508,"y":0.6031287312507629,"z":-0.40104377269744875,"w":0.5741618871688843},"size":9.859450340270996,"orthographic":false}