{"cameraMode":{"drawMode":0,"name":"Shaded","section":"Shading Mode"},"sceneLighting":false,"audioPlay":false,"sceneViewState":{"showFog":true,"showMaterialUpdate":false,"showSkybox":false,"showFlares":true,"showImageEffects":true,"showParticleSystems":true},"in2DMode":false,"pivot":{"x":12.721841812133789,"y":-9.706543922424317,"z":23.350521087646486},"rotation":{"x":0.28601300716400149,"y":0.6366002559661865,"z":-0.275419682264328,"w":0.661140501499176},"size":22.492401123046876,"orthographic":false}