{"cameraMode":{"drawMode":0,"name":"Shaded","section":"Shading Mode"},"sceneLighting":false,"audioPlay":false,"sceneViewState":{"showFog":true,"showMaterialUpdate":false,"showSkybox":false,"showFlares":true,"showImageEffects":true,"showParticleSystems":true},"in2DMode":false,"pivot":{"x":-6.884476184844971,"y":23.049543380737306,"z":24.516218185424806},"rotation":{"x":0.4387328326702118,"y":0.556655764579773,"z":-0.44861745834350588,"w":0.5444584488868713},"size":0.08660265058279038,"orthographic":false}