{"cameraMode":{"drawMode":0,"name":"Shaded","section":"Shading Mode"},"sceneLighting":false,"audioPlay":false,"sceneViewState":{"showFog":true,"showMaterialUpdate":false,"showSkybox":false,"showFlares":true,"showImageEffects":true,"showParticleSystems":true},"in2DMode":false,"pivot":{"x":0.19499999284744264,"y":0.15000000596046449,"z":25.274999618530275},"rotation":{"x":0.4604218602180481,"y":0.5389540791511536,"z":-0.48079830408096316,"w":0.5161841511726379},"size":10.531769752502442,"orthographic":false}