{"cameraMode":{"drawMode":0,"name":"Shaded","section":"Shading Mode"},"sceneLighting":false,"audioPlay":false,"sceneViewState":{"showFog":true,"showMaterialUpdate":false,"showSkybox":false,"showFlares":true,"showImageEffects":true,"showParticleSystems":true},"in2DMode":false,"pivot":{"x":-0.08164501190185547,"y":-0.01940155029296875,"z":25.7755184173584},"rotation":{"x":0.3266238570213318,"y":0.6729839444160461,"z":-0.4833073318004608,"w":0.45480281114578249},"size":16.23301887512207,"orthographic":false}