{"cameraMode":{"drawMode":0,"name":"Shaded","section":"Shading Mode"},"sceneLighting":false,"audioPlay":false,"sceneViewState":{"showFog":true,"showMaterialUpdate":false,"showSkybox":false,"showFlares":true,"showImageEffects":true,"showParticleSystems":true},"in2DMode":false,"pivot":{"x":11.964250564575196,"y":-10.690152168273926,"z":19.983919143676759},"rotation":{"x":0.2759675681591034,"y":0.6321659088134766,"z":-0.25787901878356936,"w":0.6765589118003845},"size":10.353503227233887,"orthographic":false}