{"cameraMode":{"drawMode":0,"name":"Shaded","section":"Shading Mode"},"sceneLighting":false,"audioPlay":false,"sceneViewState":{"showFog":true,"showMaterialUpdate":false,"showSkybox":false,"showFlares":true,"showImageEffects":true,"showParticleSystems":true},"in2DMode":false,"pivot":{"x":-3.3191487789154054,"y":-1.0600831508636475,"z":27.140670776367189},"rotation":{"x":0.4676002264022827,"y":0.5317450165748596,"z":-0.4809954762458801,"w":0.5169783234596252},"size":10.353503227233887,"orthographic":false}