{"cameraMode":{"drawMode":0,"name":"Shaded","section":"Shading Mode"},"sceneLighting":false,"audioPlay":false,"sceneViewState":{"showFog":true,"showMaterialUpdate":false,"showSkybox":false,"showFlares":true,"showImageEffects":true,"showParticleSystems":true},"in2DMode":false,"pivot":{"x":14.467761993408204,"y":-19.172977447509767,"z":23.238771438598634},"rotation":{"x":0.32224270701408389,"y":0.60340815782547,"z":-0.29057496786117556,"w":0.669093906879425},"size":22.492401123046876,"orthographic":false}