{"cameraMode":{"drawMode":0,"name":"Shaded","section":"Shading Mode"},"sceneLighting":false,"audioPlay":false,"sceneViewState":{"showFog":true,"showMaterialUpdate":false,"showSkybox":false,"showFlares":true,"showImageEffects":true,"showParticleSystems":true},"in2DMode":false,"pivot":{"x":3.5464770793914797,"y":-2.1007235050201418,"z":36.396976470947269},"rotation":{"x":0.31937724351882937,"y":0.5693087577819824,"z":-0.2548413872718811,"w":0.7134374380111694},"size":9.882257461547852,"orthographic":false}