{"cameraMode":{"drawMode":0,"name":"Shaded","section":"Shading Mode"},"sceneLighting":false,"audioPlay":false,"sceneViewState":{"showFog":true,"showMaterialUpdate":false,"showSkybox":false,"showFlares":true,"showImageEffects":true,"showParticleSystems":true},"in2DMode":false,"pivot":{"x":38.53728103637695,"y":-15.275806427001954,"z":-1.384426474571228},"rotation":{"x":0.13277985155582429,"y":0.7126809358596802,"z":-0.14031098783016206,"w":0.6743820905685425},"size":22.58131217956543,"orthographic":false}