{"cameraMode":{"drawMode":0,"name":"Shaded","section":"Shading Mode"},"sceneLighting":false,"audioPlay":false,"sceneViewState":{"showFog":true,"showMaterialUpdate":false,"showSkybox":false,"showFlares":true,"showImageEffects":true,"showParticleSystems":true},"in2DMode":false,"pivot":{"x":-0.12323591858148575,"y":-10.712183952331543,"z":25.746652603149415},"rotation":{"x":0.47160571813583376,"y":0.5267657041549683,"z":-0.4707719683647156,"w":0.5277309417724609},"size":12.486824035644532,"orthographic":false}