{"cameraMode":{"drawMode":0,"name":"Shaded","section":"Shading Mode"},"sceneLighting":false,"audioPlay":false,"sceneViewState":{"showFog":true,"showMaterialUpdate":false,"showSkybox":false,"showFlares":true,"showImageEffects":true,"showParticleSystems":true},"in2DMode":false,"pivot":{"x":6.361530303955078,"y":-12.94900131225586,"z":34.00652313232422},"rotation":{"x":0.4013948142528534,"y":0.5534943342208862,"z":-0.34572818875312807,"w":0.6426694989204407},"size":10.507468223571778,"orthographic":false}