{"cameraMode":{"drawMode":0,"name":"Shaded","section":"Shading Mode"},"sceneLighting":false,"audioPlay":false,"sceneViewState":{"showFog":true,"showMaterialUpdate":false,"showSkybox":false,"showFlares":true,"showImageEffects":true,"showParticleSystems":true},"in2DMode":false,"pivot":{"x":-2.2062506675720217,"y":20.337303161621095,"z":15.371546745300293},"rotation":{"x":0.5623272061347961,"y":0.12652786076068879,"z":-0.08760738372802735,"w":0.8125135898590088},"size":10.355615615844727,"orthographic":false}