{"cameraMode":{"drawMode":0,"name":"Shaded","section":"Shading Mode"},"sceneLighting":false,"audioPlay":false,"sceneViewState":{"showFog":true,"showMaterialUpdate":false,"showSkybox":false,"showFlares":true,"showImageEffects":true,"showParticleSystems":true},"in2DMode":false,"pivot":{"x":3.8015213012695314,"y":-1.9888266324996949,"z":24.20612335205078},"rotation":{"x":0.33302974700927737,"y":0.6233971118927002,"z":-0.3324248492717743,"w":0.6245094537734985},"size":10.8057279586792,"orthographic":false}