{"cameraMode":{"drawMode":0,"name":"Shaded","section":"Shading Mode"},"sceneLighting":false,"audioPlay":false,"sceneViewState":{"showFog":true,"showMaterialUpdate":false,"showSkybox":false,"showFlares":true,"showImageEffects":true,"showParticleSystems":true},"in2DMode":false,"pivot":{"x":17.918481826782228,"y":-19.025949478149415,"z":19.7460994720459},"rotation":{"x":0.2951027750968933,"y":0.63672935962677,"z":-0.2885075807571411,"w":0.6514151096343994},"size":22.492401123046876,"orthographic":false}