{"cameraMode":{"drawMode":0,"name":"Shaded","section":"Shading Mode"},"sceneLighting":false,"audioPlay":false,"sceneViewState":{"showFog":true,"showMaterialUpdate":false,"showSkybox":false,"showFlares":true,"showImageEffects":true,"showParticleSystems":true},"in2DMode":false,"pivot":{"x":-13.274994850158692,"y":6.4677348136901859,"z":18.456762313842775},"rotation":{"x":-0.1842973828315735,"y":-0.7005239129066467,"z":0.19523873925209046,"w":-0.6612535119056702},"size":0.08660266548395157,"orthographic":false}