{"cameraMode":{"drawMode":0,"name":"Shaded","section":"Shading Mode"},"sceneLighting":false,"audioPlay":false,"sceneViewState":{"showFog":true,"showMaterialUpdate":false,"showSkybox":false,"showFlares":true,"showImageEffects":true,"showParticleSystems":true},"in2DMode":false,"pivot":{"x":28.615467071533204,"y":-22.879592895507814,"z":-0.439197301864624},"rotation":{"x":0.22887484729290009,"y":0.6823963522911072,"z":-0.23971475660800935,"w":0.6515740752220154},"size":22.58131217956543,"orthographic":false}