{"cameraMode":{"drawMode":0,"name":"Shaded","section":"Shading Mode"},"sceneLighting":false,"audioPlay":false,"sceneViewState":{"showFog":true,"showMaterialUpdate":false,"showSkybox":false,"showFlares":true,"showImageEffects":true,"showParticleSystems":true},"in2DMode":false,"pivot":{"x":27.296560287475587,"y":-23.87818717956543,"z":24.690509796142579},"rotation":{"x":0.1998244822025299,"y":0.758769690990448,"z":-0.2721574306488037,"w":0.5570604205131531},"size":22.492401123046876,"orthographic":false}