{"cameraMode":{"drawMode":0,"name":"Shaded","section":"Shading Mode"},"sceneLighting":false,"audioPlay":false,"sceneViewState":{"showFog":true,"showMaterialUpdate":false,"showSkybox":false,"showFlares":true,"showImageEffects":true,"showParticleSystems":true},"in2DMode":false,"pivot":{"x":8.576091766357422,"y":-12.150774002075196,"z":24.757923126220704},"rotation":{"x":0.3088664710521698,"y":0.6311940550804138,"z":-0.3028109669685364,"w":0.6438206434249878},"size":22.492401123046876,"orthographic":false}