{"cameraMode":{"drawMode":0,"name":"Shaded","section":"Shading Mode"},"sceneLighting":false,"audioPlay":false,"sceneViewState":{"showFog":true,"showMaterialUpdate":false,"showSkybox":false,"showFlares":true,"showImageEffects":true,"showParticleSystems":true},"in2DMode":false,"pivot":{"x":6.03993558883667,"y":-9.807259559631348,"z":29.678030014038087},"rotation":{"x":0.38021156191825869,"y":0.5751428008079529,"z":-0.3426568806171417,"w":0.6381730437278748},"size":15.569168090820313,"orthographic":false}