{"cameraMode":{"drawMode":0,"name":"Shaded","section":"Shading Mode"},"sceneLighting":false,"audioPlay":false,"sceneViewState":{"showFog":true,"showMaterialUpdate":false,"showSkybox":false,"showFlares":true,"showImageEffects":true,"showParticleSystems":true},"in2DMode":false,"pivot":{"x":12.343194961547852,"y":-23.056089401245118,"z":-3.3196516036987306},"rotation":{"x":0.1094495877623558,"y":0.8771201372146606,"z":-0.4021662175655365,"w":0.2387932389974594},"size":22.492401123046876,"orthographic":false}