{"cameraMode":{"drawMode":0,"name":"Shaded","section":"Shading Mode"},"sceneLighting":false,"audioPlay":false,"sceneViewState":{"showFog":true,"showMaterialUpdate":false,"showSkybox":false,"showFlares":true,"showImageEffects":true,"showParticleSystems":true},"in2DMode":false,"pivot":{"x":10.479318618774414,"y":-21.753469467163087,"z":26.42830467224121},"rotation":{"x":0.35480451583862307,"y":0.6154537796974182,"z":-0.3617003262042999,"w":0.603761613368988},"size":22.492401123046876,"orthographic":false}